{
	"beats": {
		"1.54702949523926": {
			"pos": [
				342.299987792969,
				184.790863037109
			],
			"rot": 2.4405399288971
		},
		"1.90113377571106": {
			"pos": [
				674.699951171875,
				198.958160400391
			],
			"rot": 162.376054233194
		},
		"2.46421766281128": {
			"pos": [
				410.999969482422,
				282.730010986328
			],
			"rot": 8.28745613321187
		},
		"2.85895681381226": {
			"pos": [
				675.299987792969,
				321.228118896484
			],
			"rot": -12.3040248604924
		},
		"4.52498865127563": {
			"pos": [
				839.099975585938,
				285.501892089844
			],
			"rot": 142.239632031621
		},
		"5.00390005111694": {
			"pos": [
				738.899963378906,
				363.114044189453
			],
			"rot": 143.161202135574
		},
		"5.63374137878418": {
			"pos": [
				650.099975585938,
				429.638763427734
			],
			"rot": 162.512439450541
		},
		"6.00816345214844": {
			"pos": [
				419.399963378906,
				502.323150634766
			],
			"rot": -97.1267311674962
		},
		"7.52036285400391": {
			"pos": [
				393.599975585938,
				295.973358154297
			],
			"rot": 48.7874914111729
		},
		"7.92671203613281": {
			"pos": [
				548.699951171875,
				473.064605712891
			],
			"rot": -65.5739004852461
		},
		"8.58848094940186": {
			"pos": [
				662.699951171875,
				222.057022094727
			],
			"rot": 40.950460640514
		},
		"8.92807292938232": {
			"pos": [
				767.399963378906,
				312.912536621094
			],
			"rot": -161.243390302753
		},
		"10.5824947357178": {
			"pos": [
				532.499938964844,
				233.144470214844
			],
			"rot": -21.1714895589643
		},
		"10.9888439178467": {
			"pos": [
				764.699951171875,
				143.212921142578
			],
			"rot": 167.658891367497
		},
		"11.6186847686768": {
			"pos": [
				343.799987792969,
				235.300369262695
			],
			"rot": 35.5771952166946
		},
		"11.9902038574219": {
			"pos": [
				586.199951171875,
				408.69580078125
			]
		}
	}
}
